Purchasing Org,Number,Line,Item,Item Rev,Category,Description,Quantity,UOM,Price,Amount,Buyer,Cancelled,Closure Status,Type,Supplier,Site,Currency,Contract Num,Ver,Supplier Item,[ ]
Safaricom,516302,47,,,TECHNOLOGY NETWORKS.TRANSPORT.ACCESS TRANSPORT.FIBRE SERVICES,Buildings ISP Fiber Deployment-  Incentive for Building Acquisition at zero fee,1,Each,0,,"Karanja, Mrs. Maryanne",,Open,Goods,OPTIMAX GROUP LIMITED,Optimax Group L,KES,,,,0.Year on Year.Price renegotiation.No Involvement.No.NA.EK2073.NSP3-Fiber Rollout....
Safaricom,516302,78,,,TECHNOLOGY NETWORKS.TRANSPORT.ACCESS TRANSPORT.FIBRE SERVICES,"Aerial Fiber Deployment - As built documents (In autoCAD, mapinfo)",2,METER,5,,"Karanja, Mrs. Maryanne",,Open,Goods,OPTIMAX GROUP LIMITED,Optimax Group L,KES,,,,5\.68181818181818.Year on Year.Price renegotiation.No Involvement.No.NA.EK2073.NSP3-Fiber Rollout....
Safaricom,516302,30,,,TECHNOLOGY NETWORKS.TRANSPORT.ACCESS TRANSPORT.FIBRE SERVICES,BF Fiber Deployment OSP- As-Built Documentation soft and  in CM including all Connection details,3,METER,5.28,,"Karanja, Mrs. Maryanne",,Open,Goods,OPTIMAX GROUP LIMITED,Optimax Group L,KES,,,,6.Year on Year.Price renegotiation.No Involvement.No.NA.EK2073.NSP3-Fiber Rollout....
Safaricom,516302,34,,,TECHNOLOGY NETWORKS.TRANSPORT.ACCESS TRANSPORT.FIBRE SERVICES,"BF Fiber Deployment OSP- Duct Inspection Test on existing duct system (Mandrel, brush, pressure etc.)",4,METER,8.8,,"Karanja, Mrs. Maryanne",,Open,Goods,OPTIMAX GROUP LIMITED,Optimax Group L,KES,,,,10.Year on Year.Price renegotiation.No Involvement.No.NA.EK2073.NSP3-Fiber Rollout....
Safaricom,516302,29,,,TECHNOLOGY NETWORKS.TRANSPORT.ACCESS TRANSPORT.FIBRE SERVICES,BF Fiber Deployment OSP- CM based survey & design including all network elements fibres provisioning & statutory approval application drawings,5,METER,16,,"Karanja, Mrs. Maryanne",,Open,Goods,OPTIMAX GROUP LIMITED,Optimax Group L,KES,,,,18\.1818181818182.Year on Year.Price renegotiation.No Involvement.No.NA.EK2073.NSP3-Fiber Rollout....
Safaricom,516302,77,,,TECHNOLOGY NETWORKS.TRANSPORT.ACCESS TRANSPORT.FIBRE SERVICES,Field detailed Technical and Health and OSH Survey (report with site/route photos) & detailed route design (GIS & CAD) to output an implementable Design,1,METER,16,,"Karanja, Mrs. Maryanne",,Open,Goods,OPTIMAX GROUP LIMITED,Optimax Group L,KES,,,,18\.1818181818182.Year on Year.Price renegotiation.No Involvement.No.NA.EK2073.NSP3-Fiber Rollout....
Safaricom,516302,33,,,TECHNOLOGY NETWORKS.TRANSPORT.ACCESS TRANSPORT.FIBRE SERVICES,BF Fiber Deployment OSP- Route Cleaning,2,METER,17.6,,"Karanja, Mrs. Maryanne",,Open,Goods,OPTIMAX GROUP LIMITED,Optimax Group L,KES,,,,20.Year on Year.Price renegotiation.No Involvement.No.NA.EK2073.NSP3-Fiber Rollout....
Safaricom,516302,5,,,TECHNOLOGY NETWORKS.TRANSPORT.ACCESS TRANSPORT.FIBRE SERVICES,GF Fibre Deployment OSP - Planning Services  Connect Master Based Design ( 0.6 M Trench ),3,Each,23.23,,"Karanja, Mrs. Maryanne",,Open,Goods,OPTIMAX GROUP LIMITED,Optimax Group L,KES,,,,26\.3977272727273.Year on Year.Price renegotiation.No Involvement.No.NA.EK2073.NSP3-Fiber Rollout....
Safaricom,516302,1,,,TECHNOLOGY NETWORKS.TRANSPORT.ACCESS TRANSPORT.FIBRE SERVICES,GF Fibre Deployment OSP - Planning Services ( 1.2 M Trench ),4,Each,23.23,,"Karanja, Mrs. Maryanne",,Open,Goods,OPTIMAX GROUP LIMITED,Optimax Group L,KES,,,,26\.3977272727273.Year on Year.Price renegotiation.No Involvement.No.NA.EK2073.NSP3-Fiber Rollout....
Safaricom,516302,114,,,TECHNOLOGY NETWORKS.TRANSPORT.ACCESS TRANSPORT.FIBRE SERVICES,Aerial Fibre Deployment OSP- Supply and installation of pole steel straps with accessories (buckle pins),5,Each,25,,"Karanja, Mrs. Maryanne",,Open,Goods,OPTIMAX GROUP LIMITED,Optimax Group L,KES,,,,28\.4090909090909.Year on Year.Price renegotiation.No Involvement.No.NA.EK2073.NSP3-Fiber Rollout....
Safaricom,516302,15,,,TECHNOLOGY NETWORKS.TRANSPORT.ACCESS TRANSPORT.FIBRE SERVICES,BF Fiber Deployment OSP- Installation of 1 X 12/10m  microduct in existing 32/26mm HDPE duct (Includes joints),1,METER,26.4,,"Karanja, Mrs. Maryanne",,Open,Goods,OPTIMAX GROUP LIMITED,Optimax Group L,KES,,,,30.Year on Year.Price renegotiation.No Involvement.No.NA.EK2073.NSP3-Fiber Rollout....
Safaricom,516302,16,,,TECHNOLOGY NETWORKS.TRANSPORT.ACCESS TRANSPORT.FIBRE SERVICES,BF Fiber Deployment OSP- Installation of duct on wall attachment,2,METER,26.4,,"Karanja, Mrs. Maryanne",,Open,Goods,OPTIMAX GROUP LIMITED,Optimax Group L,KES,,,,30.Year on Year.Price renegotiation.No Involvement.No.NA.EK2073.NSP3-Fiber Rollout....
Safaricom,516302,17,,,TECHNOLOGY NETWORKS.TRANSPORT.ACCESS TRANSPORT.FIBRE SERVICES,BF Fiber Deployment OSP- Pulling Cable in existing Duct,3,METER,30.8,,"Karanja, Mrs. Maryanne",,Open,Goods,OPTIMAX GROUP LIMITED,Optimax Group L,KES,,,,35.Year on Year.Price renegotiation.No Involvement.No.NA.EK2073.NSP3-Fiber Rollout....
Safaricom,516302,58,,,TECHNOLOGY NETWORKS.TRANSPORT.ACCESS TRANSPORT.FIBRE SERVICES,"Units ISP Fiber Deployment- Installation of 1, 2, 4 core drop cable for ISP (Bend-Insensitive Fiber)Indoor/Outdoor drop cable Aramid Yam LSZH, G657A2",4,METER,35,,"Karanja, Mrs. Maryanne",,Open,Goods,OPTIMAX GROUP LIMITED,Optimax Group L,KES,,,,39\.7727272727273.Year on Year.Price renegotiation.No Involvement.No.NA.EK2073.NSP3-Fiber Rollout....
Safaricom,516302,18,,,TECHNOLOGY NETWORKS.TRANSPORT.ACCESS TRANSPORT.FIBRE SERVICES,BF Fiber Deployment OSP- Blowing upto 12-96 core Cable in existing Duct,5,METER,36.96,,"Karanja, Mrs. Maryanne",,Open,Goods,OPTIMAX GROUP LIMITED,Optimax Group L,KES,,,,42.Year on Year.Price renegotiation.No Involvement.No.NA.EK2073.NSP3-Fiber Rollout....
Safaricom,516302,19,,,TECHNOLOGY NETWORKS.TRANSPORT.ACCESS TRANSPORT.FIBRE SERVICES,BF Fiber Deployment OSP- Blowing upto 144 core Cable in existing Duct,1,METER,36.96,,"Karanja, Mrs. Maryanne",,Open,Goods,OPTIMAX GROUP LIMITED,Optimax Group L,KES,,,,42.Year on Year.Price renegotiation.No Involvement.No.NA.EK2073.NSP3-Fiber Rollout....
Safaricom,516302,87,,,TECHNOLOGY NETWORKS.TRANSPORT.ACCESS TRANSPORT.FIBRE SERVICES,"Aerial Fiber Deployment - Installation of aerial O.F.Cable & Tensioning (12, 24, 48, 96, 144 fibers)",2,METER,43,,"Karanja, Mrs. Maryanne",,Open,Goods,OPTIMAX GROUP LIMITED,Optimax Group L,KES,,,,48\.8636363636364.Year on Year.Price renegotiation.No Involvement.No.NA.EK2073.NSP3-Fiber Rollout....
Safaricom,516302,45,,,TECHNOLOGY NETWORKS.TRANSPORT.ACCESS TRANSPORT.FIBRE SERVICES,BF Fiber Deployment OSP- Project Management Incl of Health & Safety,3,METER,44,,"Karanja, Mrs. Maryanne",,Open,Goods,OPTIMAX GROUP LIMITED,Optimax Group L,KES,,,,50.Year on Year.Price renegotiation.No Involvement.No.NA.EK2073.NSP3-Fiber Rollout....
Safaricom,516302,59,,,TECHNOLOGY NETWORKS.TRANSPORT.ACCESS TRANSPORT.FIBRE SERVICES,"Units ISP Fiber Deployment- Installation of 12, 24, 48, 96 core drop cable for ISP(Bend-Insensitive,armoured cable) Outdoor Armored cable, G657A2",4,METER,45,,"Karanja, Mrs. Maryanne",,Open,Goods,OPTIMAX GROUP LIMITED,Optimax Group L,KES,,,,51\.1363636363636.Year on Year.Price renegotiation.No Involvement.No.NA.EK2073.NSP3-Fiber Rollout....
Safaricom,516302,92,,,TECHNOLOGY NETWORKS.TRANSPORT.ACCESS TRANSPORT.FIBRE SERVICES,Aerial Fiber Deployment - Project Management Incl of Health & Safety,5,METER,47,,"Karanja, Mrs. Maryanne",,Open,Goods,OPTIMAX GROUP LIMITED,Optimax Group L,KES,,,,53\.4090909090909.Year on Year.Price renegotiation.No Involvement.No.NA.EK2073.NSP3-Fiber Rollout....
Safaricom,516302,7,,,TECHNOLOGY NETWORKS.TRANSPORT.ACCESS TRANSPORT.FIBRE SERVICES,GF Fibre Deployment OSP - Cable Installation ( 0.6 M Trench ),1,Each,54.4,,"Karanja, Mrs. Maryanne",,Open,Goods,OPTIMAX GROUP LIMITED,Optimax Group L,KES,,,,61\.8181818181818.Year on Year.Price renegotiation.No Involvement.No.NA.EK2073.NSP3-Fiber Rollout....
Safaricom,516302,3,,,TECHNOLOGY NETWORKS.TRANSPORT.ACCESS TRANSPORT.FIBRE SERVICES,GF Fibre Deployment OSP - Cable Installation ( 1.2 M Trench ),2,Each,54.4,,"Karanja, Mrs. Maryanne",,Open,Goods,OPTIMAX GROUP LIMITED,Optimax Group L,KES,,,,61\.8181818181818.Year on Year.Price renegotiation.No Involvement.No.NA.EK2073.NSP3-Fiber Rollout....
Safaricom,516302,4,,,TECHNOLOGY NETWORKS.TRANSPORT.ACCESS TRANSPORT.FIBRE SERVICES,GF Fibre Deployment OSP - Project Management ( 1.2 M Trench ),3,Each,59.63,,"Karanja, Mrs. Maryanne",,Open,Goods,OPTIMAX GROUP LIMITED,Optimax Group L,KES,,,,67\.7613636363636.Year on Year.Price renegotiation.No Involvement.No.NA.EK2073.NSP3-Fiber Rollout....
Safaricom,516302,8,,,TECHNOLOGY NETWORKS.TRANSPORT.ACCESS TRANSPORT.FIBRE SERVICES,GF Fibre Deployment OSP - Project Management ( Linearised 0.6 M Trench ),4,Each,59.63,,"Karanja, Mrs. Maryanne",,Open,Goods,OPTIMAX GROUP LIMITED,Optimax Group L,KES,,,,67\.7613636363636.Year on Year.Price renegotiation.No Involvement.No.NA.EK2073.NSP3-Fiber Rollout....
Safaricom,516302,137,,,TECHNOLOGY NETWORKS.TRANSPORT.ACCESS TRANSPORT.FIBRE SERVICES,Normal Logistics cost,5,Kilometer,64.01,,"Karanja, Mrs. Maryanne",,Open,Goods,OPTIMAX GROUP LIMITED,Optimax Group L,KES,,,,72\.7386363636364.Year on Year.Price renegotiation.No Involvement.No.NA.EK2073.NSP3-Fiber Rollout....
Safaricom,516302,64,,,TECHNOLOGY NETWORKS.TRANSPORT.ACCESS TRANSPORT.FIBRE SERVICES,"Units ISP Fiber Deployment- Supply & Installation of PlasticTrunking size 16*16mm  with accessories (Inclusive of breaking the ceiling, drilling the wall and reinstatement)",1,METER,75,,"Karanja, Mrs. Maryanne",,Open,Goods,OPTIMAX GROUP LIMITED,Optimax Group L,KES,,,,85\.2272727272727.Year on Year.Price renegotiation.No Involvement.No.NA.EK2073.NSP3-Fiber Rollout....
Safaricom,516302,63,,,TECHNOLOGY NETWORKS.TRANSPORT.ACCESS TRANSPORT.FIBRE SERVICES,Units ISP Fiber Deployment- Supply & Installation of  Surface Flexible corrugated PVC pipe (25/22mm) with accessories,2,METER,80,,"Karanja, Mrs. Maryanne",,Open,Goods,OPTIMAX GROUP LIMITED,Optimax Group L,KES,,,,90\.9090909090909.Year on Year.Price renegotiation.No Involvement.No.NA.EK2073.NSP3-Fiber Rollout....
Safaricom,516302,110,,,TECHNOLOGY NETWORKS.TRANSPORT.ACCESS TRANSPORT.FIBRE SERVICES,Aerial Fibre Deployment OSP- Supply and Installation of approved Cable markers – ADSS Cable,3,METER,85,,"Karanja, Mrs. Maryanne",,Open,Goods,OPTIMAX GROUP LIMITED,Optimax Group L,KES,,,,96\.5909090909091.Year on Year.Price renegotiation.No Involvement.No.NA.EK2073.NSP3-Fiber Rollout....
Safaricom,516302,65,,,TECHNOLOGY NETWORKS.TRANSPORT.ACCESS TRANSPORT.FIBRE SERVICES,"Units ISP Fiber Deployment- Supply & Installation of Plastic Trunking size 38*25mm  with accessories  (Inclusive of breaking the ceiling, drilling the wall and reinstatement)",4,METER,90,,"Karanja, Mrs. Maryanne",,Open,Goods,OPTIMAX GROUP LIMITED,Optimax Group L,KES,,,,102\.272727272727.Year on Year.Price renegotiation.No Involvement.No.NA.EK2073.NSP3-Fiber Rollout....
Safaricom,516302,135,,,TECHNOLOGY NETWORKS.TRANSPORT.ACCESS TRANSPORT.FIBRE SERVICES,Supply & Install Cable Trunking,5,METER,100,,"Karanja, Mrs. Maryanne",,Open,Goods,OPTIMAX GROUP LIMITED,Optimax Group L,KES,,,,113\.636363636364.Year on Year.Price renegotiation.No Involvement.No.NA.EK2073.NSP3-Fiber Rollout....
Safaricom,516302,129,,,TECHNOLOGY NETWORKS.TRANSPORT.ACCESS TRANSPORT.FIBRE SERVICES,Supply & Install Cat 6E STP Cable – Indoor,1,METER,100,,"Karanja, Mrs. Maryanne",,Open,Goods,OPTIMAX GROUP LIMITED,Optimax Group L,KES,,,,113\.636363636364.Year on Year.Price renegotiation.No Involvement.No.NA.EK2073.NSP3-Fiber Rollout....
Safaricom,516302,134,,,TECHNOLOGY NETWORKS.TRANSPORT.ACCESS TRANSPORT.FIBRE SERVICES,Supply & Install Flexible Conduits,2,METER,100,,"Karanja, Mrs. Maryanne",,Open,Goods,OPTIMAX GROUP LIMITED,Optimax Group L,KES,,,,113\.636363636364.Year on Year.Price renegotiation.No Involvement.No.NA.EK2073.NSP3-Fiber Rollout....
Safaricom,516302,97,,,TECHNOLOGY NETWORKS.TRANSPORT.ACCESS TRANSPORT.FIBRE SERVICES,Brown Field Fiber Deployment OSP- Transportation cost per project especially on hardship/security prone areas,3,Kilometer,150,,"Karanja, Mrs. Maryanne",,Open,Goods,OPTIMAX GROUP LIMITED,Optimax Group L,KES,,,,170\.454545454545.Year on Year.Price renegotiation.No Involvement.No.NA.EK2073.NSP3-Fiber Rollout....
Safaricom,516302,128,,,TECHNOLOGY NETWORKS.TRANSPORT.ACCESS TRANSPORT.FIBRE SERVICES,Supply & Install Cat 6E STP Cable – Outdoor,4,METER,150,,"Karanja, Mrs. Maryanne",,Open,Goods,OPTIMAX GROUP LIMITED,Optimax Group L,KES,,,,170\.454545454545.Year on Year.Price renegotiation.No Involvement.No.NA.EK2073.NSP3-Fiber Rollout....
Safaricom,516302,66,,,TECHNOLOGY NETWORKS.TRANSPORT.ACCESS TRANSPORT.FIBRE SERVICES,Units ISP Fiber Deployment- Core drilling,5,Each,150,,"Karanja, Mrs. Maryanne",,Open,Goods,OPTIMAX GROUP LIMITED,Optimax Group L,KES,,,,170\.454545454545.Year on Year.Price renegotiation.No Involvement.No.NA.EK2073.NSP3-Fiber Rollout....
Safaricom,516302,136,,,TECHNOLOGY NETWORKS.TRANSPORT.ACCESS TRANSPORT.FIBRE SERVICES,Supply & Install CAT6 patch cord,1,METER,200,,"Karanja, Mrs. Maryanne",,Open,Goods,OPTIMAX GROUP LIMITED,Optimax Group L,KES,,,,227\.272727272727.Year on Year.Price renegotiation.No Involvement.No.NA.EK2073.NSP3-Fiber Rollout....
Safaricom,516302,67,,,TECHNOLOGY NETWORKS.TRANSPORT.ACCESS TRANSPORT.FIBRE SERVICES,Units ISP Fiber Deployment- Supply & Installation of sealing silicon material,2,Each,250,,"Karanja, Mrs. Maryanne",,Open,Goods,OPTIMAX GROUP LIMITED,Optimax Group L,KES,,,,284\.090909090909.Year on Year.Price renegotiation.No Involvement.No.NA.EK2073.NSP3-Fiber Rollout....
Safaricom,516302,43,,,TECHNOLOGY NETWORKS.TRANSPORT.ACCESS TRANSPORT.FIBRE SERVICES,"BF Fiber Deployment OSP- Installation of 1 X 16, 32, 64 port Splitter",3,Each,264,,"Karanja, Mrs. Maryanne",,Open,Goods,OPTIMAX GROUP LIMITED,Optimax Group L,KES,,,,300.Year on Year.Price renegotiation.No Involvement.No.NA.EK2073.NSP3-Fiber Rollout....
Safaricom,516302,51,,,TECHNOLOGY NETWORKS.TRANSPORT.ACCESS TRANSPORT.FIBRE SERVICES,"Units ISP Fiber Deployment- ISP Survey, CM based Design & Documentation",4,Each,352,,"Karanja, Mrs. Maryanne",,Open,Goods,OPTIMAX GROUP LIMITED,Optimax Group L,KES,,,,400.Year on Year.Price renegotiation.No Involvement.No.NA.EK2073.NSP3-Fiber Rollout....
Safaricom,516302,37,,,TECHNOLOGY NETWORKS.TRANSPORT.ACCESS TRANSPORT.FIBRE SERVICES,"BF Fiber Deployment OSP- Trenching up to 0.3m deep, lay ducts , install warning tape and reinstate",5,METER,366.08,,"Karanja, Mrs. Maryanne",,Open,Goods,OPTIMAX GROUP LIMITED,Optimax Group L,KES,,,,416.Year on Year.Price renegotiation.No Involvement.No.NA.EK2073.NSP3-Fiber Rollout....
Safaricom,516302,6,,,TECHNOLOGY NETWORKS.TRANSPORT.ACCESS TRANSPORT.FIBRE SERVICES,GF Fibre Deployment OSP - Civil Works for Main Route ( 0.6 M Trench ),1,Each,385.65,,"Karanja, Mrs. Maryanne",,Open,Goods,OPTIMAX GROUP LIMITED,Optimax Group L,KES,,,,438\.238636363636.Year on Year.Price renegotiation.No Involvement.No.NA.EK2073.NSP3-Fiber Rollout....
Safaricom,516302,20,,,TECHNOLOGY NETWORKS.TRANSPORT.ACCESS TRANSPORT.FIBRE SERVICES,"BF Fiber Deployment OSP- Splicing, Testing and Commissioning",2,Each,440,,"Karanja, Mrs. Maryanne",,Open,Goods,OPTIMAX GROUP LIMITED,Optimax Group L,KES,,,,500.Year on Year.Price renegotiation.No Involvement.No.NA.EK2073.NSP3-Fiber Rollout....
Safaricom,516302,68,,,TECHNOLOGY NETWORKS.TRANSPORT.ACCESS TRANSPORT.FIBRE SERVICES,Units ISP Fiber Deployment- Installation of ONU on the wall with accessories,3,Each,440,,"Karanja, Mrs. Maryanne",,Open,Goods,OPTIMAX GROUP LIMITED,Optimax Group L,KES,,,,500.Year on Year.Price renegotiation.No Involvement.No.NA.EK2073.NSP3-Fiber Rollout....
Safaricom,516302,69,,,TECHNOLOGY NETWORKS.TRANSPORT.ACCESS TRANSPORT.FIBRE SERVICES,Units ISP Fiber Deployment- Installation of set-top box on the wall with accessories,4,Each,440,,"Karanja, Mrs. Maryanne",,Open,Goods,OPTIMAX GROUP LIMITED,Optimax Group L,KES,,,,500.Year on Year.Price renegotiation.No Involvement.No.NA.EK2073.NSP3-Fiber Rollout....
Safaricom,516302,70,,,TECHNOLOGY NETWORKS.TRANSPORT.ACCESS TRANSPORT.FIBRE SERVICES,Units ISP Fiber Deployment- ONU & set-top box configuration,5,Each,440,,"Karanja, Mrs. Maryanne",,Open,Goods,OPTIMAX GROUP LIMITED,Optimax Group L,KES,,,,500.Year on Year.Price renegotiation.No Involvement.No.NA.EK2073.NSP3-Fiber Rollout....
Safaricom,516302,36,,,TECHNOLOGY NETWORKS.TRANSPORT.ACCESS TRANSPORT.FIBRE SERVICES,"BF Fiber Deployment OSP- Trenching up to 0.6m deep, lay ducts , install warning tape and reinstate",1,METER,488.4,,"Karanja, Mrs. Maryanne",,Open,Goods,OPTIMAX GROUP LIMITED,Optimax Group L,KES,,,,555.Year on Year.Price renegotiation.No Involvement.No.NA.EK2073.NSP3-Fiber Rollout....
Safaricom,516302,72,,,TECHNOLOGY NETWORKS.TRANSPORT.ACCESS TRANSPORT.FIBRE SERVICES,Units ISP Fiber Deployment- Homes ISP Fiber Deployment- Installation of ATB,2,Each,528,,"Karanja, Mrs. Maryanne",,Open,Goods,OPTIMAX GROUP LIMITED,Optimax Group L,KES,,,,600.Year on Year.Price renegotiation.No Involvement.No.NA.EK2073.NSP3-Fiber Rollout....
Safaricom,516302,2,,,TECHNOLOGY NETWORKS.TRANSPORT.ACCESS TRANSPORT.FIBRE SERVICES,GF Fibre Deployment OSP - Civil Works for Main Route ( 1.2 M Trench ),3,Each,556.82,,"Karanja, Mrs. Maryanne",,Open,Goods,OPTIMAX GROUP LIMITED,Optimax Group L,KES,,,,632\.75.Year on Year.Price renegotiation.No Involvement.No.NA.EK2073.NSP3-Fiber Rollout....
Safaricom,516302,90,,,TECHNOLOGY NETWORKS.TRANSPORT.ACCESS TRANSPORT.FIBRE SERVICES,Brown Field Fiber Deployment OSP- Removing of heavy dumping material inclusive of bush clearing,4,METER,600,,"Karanja, Mrs. Maryanne",,Open,Goods,OPTIMAX GROUP LIMITED,Optimax Group L,KES,,,,681\.818181818182.Year on Year.Price renegotiation.No Involvement.No.NA.EK2073.NSP3-Fiber Rollout....
Safaricom,516302,35,,,TECHNOLOGY NETWORKS.TRANSPORT.ACCESS TRANSPORT.FIBRE SERVICES,"BF Fiber Deployment OSP- Trenching up to 1.2m deep, lay ducts , install warning tape and reinstate",5,METER,610.72,,"Karanja, Mrs. Maryanne",,Open,Goods,OPTIMAX GROUP LIMITED,Optimax Group L,KES,,,,694.Year on Year.Price renegotiation.No Involvement.No.NA.EK2073.NSP3-Fiber Rollout....
Safaricom,516302,57,,,TECHNOLOGY NETWORKS.TRANSPORT.ACCESS TRANSPORT.FIBRE SERVICES,Units ISP Fiber Deployment- Project management for ISP&Termination implementation,1,Each,660,,"Karanja, Mrs. Maryanne",,Open,Goods,OPTIMAX GROUP LIMITED,Optimax Group L,KES,,,,750.Year on Year.Price renegotiation.No Involvement.No.NA.EK2073.NSP3-Fiber Rollout....
Safaricom,516302,112,,,TECHNOLOGY NETWORKS.TRANSPORT.ACCESS TRANSPORT.FIBRE SERVICES,Aerial Fibre Deployment OSP- Supply and installation of lashing clamps with accessories,2,Each,800,,"Karanja, Mrs. Maryanne",,Open,Goods,OPTIMAX GROUP LIMITED,Optimax Group L,KES,,,,909\.090909090909.Year on Year.Price renegotiation.No Involvement.No.NA.EK2073.NSP3-Fiber Rollout....
Safaricom,516302,49,,,TECHNOLOGY NETWORKS.TRANSPORT.ACCESS TRANSPORT.FIBRE SERVICES,Buildings ISP Fiber Deployment-  As built documents for ISP,3,Each,880,,"Karanja, Mrs. Maryanne",,Open,Goods,OPTIMAX GROUP LIMITED,Optimax Group L,KES,,,,1000.Year on Year.Price renegotiation.No Involvement.No.NA.EK2073.NSP3-Fiber Rollout....
Safaricom,516302,73,,,TECHNOLOGY NETWORKS.TRANSPORT.ACCESS TRANSPORT.FIBRE SERVICES,"Units ISP Fiber Deployment- Installation of FAT 12, 24, 48 ports with accessories",4,Each,880,,"Karanja, Mrs. Maryanne",,Open,Goods,OPTIMAX GROUP LIMITED,Optimax Group L,KES,,,,1000.Year on Year.Price renegotiation.No Involvement.No.NA.EK2073.NSP3-Fiber Rollout....
Safaricom,516302,74,,,TECHNOLOGY NETWORKS.TRANSPORT.ACCESS TRANSPORT.FIBRE SERVICES,Units ISP Fiber Deployment- Installation of FAT 96 ports with accessories,5,Each,880,,"Karanja, Mrs. Maryanne",,Open,Goods,OPTIMAX GROUP LIMITED,Optimax Group L,KES,,,,1000.Year on Year.Price renegotiation.No Involvement.No.NA.EK2073.NSP3-Fiber Rollout....
Safaricom,516302,60,,,TECHNOLOGY NETWORKS.TRANSPORT.ACCESS TRANSPORT.FIBRE SERVICES,Units ISP Fiber Deployment- Supply & Installation of cable tray width 50mm,1,METER,910,,"Karanja, Mrs. Maryanne",,Open,Goods,OPTIMAX GROUP LIMITED,Optimax Group L,KES,,,,1034\.09090909091.Year on Year.Price renegotiation.No Involvement.No.NA.EK2073.NSP3-Fiber Rollout....
Safaricom,516302,94,,,TECHNOLOGY NETWORKS.TRANSPORT.ACCESS TRANSPORT.FIBRE SERVICES,Brown Field Fiber Deployment OSP- Supply & Installation of Foam sealant for the manholes,2,Each,1200,,"Karanja, Mrs. Maryanne",,Open,Goods,OPTIMAX GROUP LIMITED,Optimax Group L,KES,,,,1363\.63636363636.Year on Year.Price renegotiation.No Involvement.No.NA.EK2073.NSP3-Fiber Rollout....
Safaricom,516302,61,,,TECHNOLOGY NETWORKS.TRANSPORT.ACCESS TRANSPORT.FIBRE SERVICES,Units ISP Fiber Deployment- Supply & Installation of cable tray width 100mm,3,METER,1200,,"Karanja, Mrs. Maryanne",,Open,Goods,OPTIMAX GROUP LIMITED,Optimax Group L,KES,,,,1363\.63636363636.Year on Year.Price renegotiation.No Involvement.No.NA.EK2073.NSP3-Fiber Rollout....
Safaricom,516302,108,,,TECHNOLOGY NETWORKS.TRANSPORT.ACCESS TRANSPORT.FIBRE SERVICES,Aerial Fibre Deployment OSP- Supply and installation of P - hook & J - Hooks,4,Each,1250,,"Karanja, Mrs. Maryanne",,Open,Goods,OPTIMAX GROUP LIMITED,Optimax Group L,KES,,,,1420\.45454545455.Year on Year.Price renegotiation.No Involvement.No.NA.EK2073.NSP3-Fiber Rollout....
Safaricom,516302,109,,,TECHNOLOGY NETWORKS.TRANSPORT.ACCESS TRANSPORT.FIBRE SERVICES,Aerial Fibre Deployment OSP- Supply and installation of Universal Pole brackets,5,Each,1250,,"Karanja, Mrs. Maryanne",,Open,Goods,OPTIMAX GROUP LIMITED,Optimax Group L,KES,,,,1420\.45454545455.Year on Year.Price renegotiation.No Involvement.No.NA.EK2073.NSP3-Fiber Rollout....
Safaricom,516302,107,,,TECHNOLOGY NETWORKS.TRANSPORT.ACCESS TRANSPORT.FIBRE SERVICES,Aerial Fibre Deployment OSP- Supply and installation of Vibration Dampers Cables,1,Each,1250,,"Karanja, Mrs. Maryanne",,Open,Goods,OPTIMAX GROUP LIMITED,Optimax Group L,KES,,,,1420\.45454545455.Year on Year.Price renegotiation.No Involvement.No.NA.EK2073.NSP3-Fiber Rollout....
Safaricom,516302,71,,,TECHNOLOGY NETWORKS.TRANSPORT.ACCESS TRANSPORT.FIBRE SERVICES,"Units ISP Fiber Deployment- Installation and configuration of  Outdoor Fixed Wireless CPE including supply of consumables (LAN Cables, tiewraps etc)",2,Each,1320,,"Karanja, Mrs. Maryanne",,Open,Goods,OPTIMAX GROUP LIMITED,Optimax Group L,KES,,,,1500.Year on Year.Price renegotiation.No Involvement.No.NA.EK2073.NSP3-Fiber Rollout....
Safaricom,516302,85,,,TECHNOLOGY NETWORKS.TRANSPORT.ACCESS TRANSPORT.FIBRE SERVICES,Aerial Fiber Deployment - Supply and installation of Down-lead clamps for wooden or Concrete poles,3,Each,1500,,"Karanja, Mrs. Maryanne",,Open,Goods,OPTIMAX GROUP LIMITED,Optimax Group L,KES,,,,1704\.54545454545.Year on Year.Price renegotiation.No Involvement.No.NA.EK2073.NSP3-Fiber Rollout....
Safaricom,516302,106,,,TECHNOLOGY NETWORKS.TRANSPORT.ACCESS TRANSPORT.FIBRE SERVICES,Aerial Fibre Deployment OSP- Supply and Installation of Stand-off brackets (Adjustable Pole clamps),4,Each,1500,,"Karanja, Mrs. Maryanne",,Open,Goods,OPTIMAX GROUP LIMITED,Optimax Group L,KES,,,,1704\.54545454545.Year on Year.Price renegotiation.No Involvement.No.NA.EK2073.NSP3-Fiber Rollout....
Safaricom,516302,31,,,TECHNOLOGY NETWORKS.TRANSPORT.ACCESS TRANSPORT.FIBRE SERVICES,BF Fiber Deployment OSP- Supply & install electronic ball marker,5,Each,1628,,"Karanja, Mrs. Maryanne",,Open,Goods,OPTIMAX GROUP LIMITED,Optimax Group L,KES,,,,1850.Year on Year.Price renegotiation.No Involvement.No.NA.EK2073.NSP3-Fiber Rollout....
Safaricom,516302,83,,,TECHNOLOGY NETWORKS.TRANSPORT.ACCESS TRANSPORT.FIBRE SERVICES,Aerial Fiber Deployment - Supply and installation of tangent/mid-span support clamp for wooden or concrete poles,1,Each,1800,,"Karanja, Mrs. Maryanne",,Open,Goods,OPTIMAX GROUP LIMITED,Optimax Group L,KES,,,,2045\.45454545455.Year on Year.Price renegotiation.No Involvement.No.NA.EK2073.NSP3-Fiber Rollout....
Safaricom,516302,40,,,TECHNOLOGY NETWORKS.TRANSPORT.ACCESS TRANSPORT.FIBRE SERVICES,BF Fiber Deployment OSP- Concrete envelop where instructed (Including constuction material)(thickness 20cm),2,METER,1800,,"Karanja, Mrs. Maryanne",,Open,Goods,OPTIMAX GROUP LIMITED,Optimax Group L,KES,,,,2045\.45454545455.Year on Year.Price renegotiation.No Involvement.No.NA.EK2073.NSP3-Fiber Rollout....
Safaricom,516302,125,,,TECHNOLOGY NETWORKS.TRANSPORT.ACCESS TRANSPORT.FIBRE SERVICES,"After Sale Support(CPE,LAN,WIFI)",3,Each,2000,,"Karanja, Mrs. Maryanne",,Open,Goods,OPTIMAX GROUP LIMITED,Optimax Group L,KES,,,,2272\.72727272727.Year on Year.Price renegotiation.No Involvement.No.NA.EK2073.NSP3-Fiber Rollout....
Safaricom,516302,124,,,TECHNOLOGY NETWORKS.TRANSPORT.ACCESS TRANSPORT.FIBRE SERVICES,"Integration to client LAN(Configuration/setup of extenders, access Points ,Firewalls and Routers",4,Each,2000,,"Karanja, Mrs. Maryanne",,Open,Goods,OPTIMAX GROUP LIMITED,Optimax Group L,KES,,,,2272\.72727272727.Year on Year.Price renegotiation.No Involvement.No.NA.EK2073.NSP3-Fiber Rollout....
Safaricom,516302,133,,,TECHNOLOGY NETWORKS.TRANSPORT.ACCESS TRANSPORT.FIBRE SERVICES,"Misc - Tie wraps, insulating tape, cable lugs, staples, RJ 45 connectors, earthing etc",5,Each,2000,,"Karanja, Mrs. Maryanne",,Open,Goods,OPTIMAX GROUP LIMITED,Optimax Group L,KES,,,,2272\.72727272727.Year on Year.Price renegotiation.No Involvement.No.NA.EK2073.NSP3-Fiber Rollout....
Safaricom,516302,111,,,TECHNOLOGY NETWORKS.TRANSPORT.ACCESS TRANSPORT.FIBRE SERVICES,Aerial Fibre Deployment OSP- Supply and installation of preformed guy grip dead end with protection accessories,1,Each,2050,,"Karanja, Mrs. Maryanne",,Open,Goods,OPTIMAX GROUP LIMITED,Optimax Group L,KES,,,,2329\.54545454545.Year on Year.Price renegotiation.No Involvement.No.NA.EK2073.NSP3-Fiber Rollout....
Safaricom,516302,62,,,TECHNOLOGY NETWORKS.TRANSPORT.ACCESS TRANSPORT.FIBRE SERVICES,Units ISP Fiber Deployment- Supply & Installation of cable tray width 150mm,2,METER,2100,,"Karanja, Mrs. Maryanne",,Open,Goods,OPTIMAX GROUP LIMITED,Optimax Group L,KES,,,,2386\.36363636364.Year on Year.Price renegotiation.No Involvement.No.NA.EK2073.NSP3-Fiber Rollout....
Safaricom,516302,84,,,TECHNOLOGY NETWORKS.TRANSPORT.ACCESS TRANSPORT.FIBRE SERVICES,Aerial Fiber Deployment - Supply and installation of Slack cable storage bracket for wooden or Concrete poles,3,Each,2200,,"Karanja, Mrs. Maryanne",,Open,Goods,OPTIMAX GROUP LIMITED,Optimax Group L,KES,,,,2500.Year on Year.Price renegotiation.No Involvement.No.NA.EK2073.NSP3-Fiber Rollout....
Safaricom,516302,9,,,TECHNOLOGY NETWORKS.TRANSPORT.ACCESS TRANSPORT.FIBRE SERVICES,"BF Fiber Deployment OSP- Installation of micro cable joint box (12, 24, 48, 96, 144 fibers)",4,Each,2200,,"Karanja, Mrs. Maryanne",,Open,Goods,OPTIMAX GROUP LIMITED,Optimax Group L,KES,,,,2500.Year on Year.Price renegotiation.No Involvement.No.NA.EK2073.NSP3-Fiber Rollout....
Safaricom,516302,32,,,TECHNOLOGY NETWORKS.TRANSPORT.ACCESS TRANSPORT.FIBRE SERVICES,BF Fiber Deployment OSP- Supply & install road marker,5,Each,2200,,"Karanja, Mrs. Maryanne",,Open,Goods,OPTIMAX GROUP LIMITED,Optimax Group L,KES,,,,2500.Year on Year.Price renegotiation.No Involvement.No.NA.EK2073.NSP3-Fiber Rollout....
Safaricom,516302,82,,,TECHNOLOGY NETWORKS.TRANSPORT.ACCESS TRANSPORT.FIBRE SERVICES,Aerial Fiber Deployment - Supply and Installation of Tension Clamp for wooden or Concrete poles,1,Each,2300,,"Karanja, Mrs. Maryanne",,Open,Goods,OPTIMAX GROUP LIMITED,Optimax Group L,KES,,,,2613\.63636363636.Year on Year.Price renegotiation.No Involvement.No.NA.EK2073.NSP3-Fiber Rollout....
Safaricom,516302,86,,,TECHNOLOGY NETWORKS.TRANSPORT.ACCESS TRANSPORT.FIBRE SERVICES,"Brown Field Fiber Deployment OSP- Install Bridge attachment inclusive of design, installation of GI and accessories",2,METER,2500,,"Karanja, Mrs. Maryanne",,Open,Goods,OPTIMAX GROUP LIMITED,Optimax Group L,KES,,,,2840\.90909090909.Year on Year.Price renegotiation.No Involvement.No.NA.EK2073.NSP3-Fiber Rollout....
Safaricom,516302,91,,,TECHNOLOGY NETWORKS.TRANSPORT.ACCESS TRANSPORT.FIBRE SERVICES,Brown Field Fiber Deployment OSP- Recovery of Precast and Polymer Reinforced manholes,3,Each,2500,,"Karanja, Mrs. Maryanne",,Open,Goods,OPTIMAX GROUP LIMITED,Optimax Group L,KES,,,,2840\.90909090909.Year on Year.Price renegotiation.No Involvement.No.NA.EK2073.NSP3-Fiber Rollout....
Safaricom,516302,75,,,TECHNOLOGY NETWORKS.TRANSPORT.ACCESS TRANSPORT.FIBRE SERVICES,Units ISP Fiber Deployment- Technician,4,Each,2500,,"Karanja, Mrs. Maryanne",,Open,Goods,OPTIMAX GROUP LIMITED,Optimax Group L,KES,,,,2840\.90909090909.Year on Year.Price renegotiation.No Involvement.No.NA.EK2073.NSP3-Fiber Rollout....
Safaricom,516302,11,,,TECHNOLOGY NETWORKS.TRANSPORT.ACCESS TRANSPORT.FIBRE SERVICES,"BF Fiber Deployment OSP- Install Precast Handhole, Polymer covers and accessories",5,Each,2640,,"Karanja, Mrs. Maryanne",,Open,Goods,OPTIMAX GROUP LIMITED,Optimax Group L,KES,,,,3000.Year on Year.Price renegotiation.No Involvement.No.NA.EK2073.NSP3-Fiber Rollout....
Safaricom,516302,13,,,TECHNOLOGY NETWORKS.TRANSPORT.ACCESS TRANSPORT.FIBRE SERVICES,"BF Fiber Deployment OSP- Installation of Preconnectorized ODF (12, 24, 48 ports)",1,Each,2640,,"Karanja, Mrs. Maryanne",,Open,Goods,OPTIMAX GROUP LIMITED,Optimax Group L,KES,,,,3000.Year on Year.Price renegotiation.No Involvement.No.NA.EK2073.NSP3-Fiber Rollout....
Safaricom,516302,14,,,TECHNOLOGY NETWORKS.TRANSPORT.ACCESS TRANSPORT.FIBRE SERVICES,"BF Fiber Deployment OSP- Installation of Preconnectorized ODF (96, 144 ports)",2,Each,2640,,"Karanja, Mrs. Maryanne",,Open,Goods,OPTIMAX GROUP LIMITED,Optimax Group L,KES,,,,3000.Year on Year.Price renegotiation.No Involvement.No.NA.EK2073.NSP3-Fiber Rollout....
Safaricom,516302,50,,,TECHNOLOGY NETWORKS.TRANSPORT.ACCESS TRANSPORT.FIBRE SERVICES,Buildings ISP Fiber Deployment-  Installation of IPRAN Access Switch (AR or Switch),3,Each,2640,,"Karanja, Mrs. Maryanne",,Open,Goods,OPTIMAX GROUP LIMITED,Optimax Group L,KES,,,,3000.Year on Year.Price renegotiation.No Involvement.No.NA.EK2073.NSP3-Fiber Rollout....
Safaricom,516302,88,,,TECHNOLOGY NETWORKS.TRANSPORT.ACCESS TRANSPORT.FIBRE SERVICES,"Aerial Fiber Deployment - Installation Joint box for ADSS cable joint (24, 48, 96 fibers, Light weight)",4,Each,2660,,"Karanja, Mrs. Maryanne",,Open,Goods,OPTIMAX GROUP LIMITED,Optimax Group L,KES,,,,3022\.72727272727.Year on Year.Price renegotiation.No Involvement.No.NA.EK2073.NSP3-Fiber Rollout....
Safaricom,516302,102,,,TECHNOLOGY NETWORKS.TRANSPORT.ACCESS TRANSPORT.FIBRE SERVICES,"Aerial Fibre Deployment OSP- Recovery of poles (includes digging out, pit reinstatement & transportation)",5,Each,3000,,"Karanja, Mrs. Maryanne",,Open,Goods,OPTIMAX GROUP LIMITED,Optimax Group L,KES,,,,3409\.09090909091.Year on Year.Price renegotiation.No Involvement.No.NA.EK2073.NSP3-Fiber Rollout....
Safaricom,516302,38,,,TECHNOLOGY NETWORKS.TRANSPORT.ACCESS TRANSPORT.FIBRE SERVICES,BF Fiber Deployment OSP- Microtunneling or road crossing (entire work),1,METER,3000,,"Karanja, Mrs. Maryanne",,Open,Goods,OPTIMAX GROUP LIMITED,Optimax Group L,KES,,,,3409\.09090909091.Year on Year.Price renegotiation.No Involvement.No.NA.EK2073.NSP3-Fiber Rollout....
Safaricom,516302,127,,,TECHNOLOGY NETWORKS.TRANSPORT.ACCESS TRANSPORT.FIBRE SERVICES,"Decommissioning, Recovery(CPE,LAN equipments/WIFI Equipments) Testing and Rekitting per CPE",2,Each,3000,,"Karanja, Mrs. Maryanne",,Open,Goods,OPTIMAX GROUP LIMITED,Optimax Group L,KES,,,,3409\.09090909091.Year on Year.Price renegotiation.No Involvement.No.NA.EK2073.NSP3-Fiber Rollout....
Safaricom,516302,21,,,TECHNOLOGY NETWORKS.TRANSPORT.ACCESS TRANSPORT.FIBRE SERVICES,"BF Fiber Deployment OSP- Splicing, Testing and Commissioning 6-12 cores",3,BATCH,3300,,"Karanja, Mrs. Maryanne",,Open,Goods,OPTIMAX GROUP LIMITED,Optimax Group L,KES,,,,3750.Year on Year.Price renegotiation.No Involvement.No.NA.EK2073.NSP3-Fiber Rollout....
Safaricom,516302,100,,,TECHNOLOGY NETWORKS.TRANSPORT.ACCESS TRANSPORT.FIBRE SERVICES,"Aerial Fibre Deployment OSP- Installation of approved wooden pole (includes digging, pole erection & ramming) (8m, 10m & 12m)",4,Each,3500,,"Karanja, Mrs. Maryanne",,Open,Goods,OPTIMAX GROUP LIMITED,Optimax Group L,KES,,,,3977\.27272727273.Year on Year.Price renegotiation.No Involvement.No.NA.EK2073.NSP3-Fiber Rollout....
Safaricom,516302,104,,,TECHNOLOGY NETWORKS.TRANSPORT.ACCESS TRANSPORT.FIBRE SERVICES,Aerial Fibre Deployment OSP- Relocation of pole support,5,Each,3500,,"Karanja, Mrs. Maryanne",,Open,Goods,OPTIMAX GROUP LIMITED,Optimax Group L,KES,,,,3977\.27272727273.Year on Year.Price renegotiation.No Involvement.No.NA.EK2073.NSP3-Fiber Rollout....
Safaricom,516302,28,,,TECHNOLOGY NETWORKS.TRANSPORT.ACCESS TRANSPORT.FIBRE SERVICES,BF Fiber Deployment OSP- Site/Building Survey,1,Each,3520,,"Karanja, Mrs. Maryanne",,Open,Goods,OPTIMAX GROUP LIMITED,Optimax Group L,KES,,,,4000.Year on Year.Price renegotiation.No Involvement.No.NA.EK2073.NSP3-Fiber Rollout....
Safaricom,516302,10,,,TECHNOLOGY NETWORKS.TRANSPORT.ACCESS TRANSPORT.FIBRE SERVICES,"BF Fiber Deployment OSP- Install Precast Manhole, Polymer covers and accessories",2,Each,3960,,"Karanja, Mrs. Maryanne",,Open,Goods,OPTIMAX GROUP LIMITED,Optimax Group L,KES,,,,4500.Year on Year.Price renegotiation.No Involvement.No.NA.EK2073.NSP3-Fiber Rollout....
Safaricom,516302,115,,,TECHNOLOGY NETWORKS.TRANSPORT.ACCESS TRANSPORT.FIBRE SERVICES,"Aerial Fibre Deployment OSP- Installation of Fibre Reinforced Polymer (FRP) Poles (includes digging, pole erection & ramming 8m - 12m)",3,Each,4000,,"Karanja, Mrs. Maryanne",,Open,Goods,OPTIMAX GROUP LIMITED,Optimax Group L,KES,,,,4545\.45454545455.Year on Year.Price renegotiation.No Involvement.No.NA.EK2073.NSP3-Fiber Rollout....
Safaricom,516302,113,,,TECHNOLOGY NETWORKS.TRANSPORT.ACCESS TRANSPORT.FIBRE SERVICES,Aerial Fibre Deployment OSP- Installation of WIFI Extender inclusive of accessories,4,Each,4000,,"Karanja, Mrs. Maryanne",,Open,Goods,OPTIMAX GROUP LIMITED,Optimax Group L,KES,,,,4545\.45454545455.Year on Year.Price renegotiation.No Involvement.No.NA.EK2073.NSP3-Fiber Rollout....
Safaricom,516302,123,,,TECHNOLOGY NETWORKS.TRANSPORT.ACCESS TRANSPORT.FIBRE SERVICES,Installation and Configuration for Indoor CPE & Router Integration,5,Each,4000,,"Karanja, Mrs. Maryanne",,Open,Goods,OPTIMAX GROUP LIMITED,Optimax Group L,KES,,,,4545\.45454545455.Year on Year.Price renegotiation.No Involvement.No.NA.EK2073.NSP3-Fiber Rollout....
Safaricom,516302,122,,,TECHNOLOGY NETWORKS.TRANSPORT.ACCESS TRANSPORT.FIBRE SERVICES,Installation and Configuration for Outdoor CPE & Router Integration,1,Each,4000,,"Karanja, Mrs. Maryanne",,Open,Goods,OPTIMAX GROUP LIMITED,Optimax Group L,KES,,,,4545\.45454545455.Year on Year.Price renegotiation.No Involvement.No.NA.EK2073.NSP3-Fiber Rollout....
Safaricom,516302,48,,,TECHNOLOGY NETWORKS.TRANSPORT.ACCESS TRANSPORT.FIBRE SERVICES,"Buildings ISP Fiber Deployment-  ISP Survey, Design & Documentation",2,Each,4400,,"Karanja, Mrs. Maryanne",,Open,Goods,OPTIMAX GROUP LIMITED,Optimax Group L,KES,,,,5000.Year on Year.Price renegotiation.No Involvement.No.NA.EK2073.NSP3-Fiber Rollout....
Safaricom,516302,101,,,TECHNOLOGY NETWORKS.TRANSPORT.ACCESS TRANSPORT.FIBRE SERVICES,"Aerial Fibre Deployment OSP- Installation of approved concrete pole (includes digging, pole erection & ramming) (8m, 10m & 12m)",3,Each,4500,,"Karanja, Mrs. Maryanne",,Open,Goods,OPTIMAX GROUP LIMITED,Optimax Group L,KES,,,,5113\.63636363636.Year on Year.Price renegotiation.No Involvement.No.NA.EK2073.NSP3-Fiber Rollout....
Safaricom,516302,138,,,TECHNOLOGY NETWORKS.TRANSPORT.ACCESS TRANSPORT.FIBRE SERVICES,Brown Field Fiber Deployment OSP- Supply & Install of concrete route marker posts,4,Each,4500,,"Karanja, Mrs. Maryanne",,Open,Goods,OPTIMAX GROUP LIMITED,Optimax Group L,KES,,,,5113\.63636363636.Year on Year.Price renegotiation.No Involvement.No.NA.EK2073.NSP3-Fiber Rollout....
Safaricom,516302,103,,,TECHNOLOGY NETWORKS.TRANSPORT.ACCESS TRANSPORT.FIBRE SERVICES,Aerial Fibre Deployment OSP- Relocation of wooden poles,5,Each,5000,,"Karanja, Mrs. Maryanne",,Open,Goods,OPTIMAX GROUP LIMITED,Optimax Group L,KES,,,,5681\.81818181818.Year on Year.Price renegotiation.No Involvement.No.NA.EK2073.NSP3-Fiber Rollout....
Safaricom,516302,126,,,TECHNOLOGY NETWORKS.TRANSPORT.ACCESS TRANSPORT.FIBRE SERVICES,"Relocation(CPE,LAN equipments/WIFI Equipments)",1,Each,5000,,"Karanja, Mrs. Maryanne",,Open,Goods,OPTIMAX GROUP LIMITED,Optimax Group L,KES,,,,5681\.81818181818.Year on Year.Price renegotiation.No Involvement.No.NA.EK2073.NSP3-Fiber Rollout....
Safaricom,516302,121,,,TECHNOLOGY NETWORKS.TRANSPORT.ACCESS TRANSPORT.FIBRE SERVICES,Survey for indoor/Outdoor CPE & Documentation,2,Each,5000,,"Karanja, Mrs. Maryanne",,Open,Goods,OPTIMAX GROUP LIMITED,Optimax Group L,KES,,,,5681\.81818181818.Year on Year.Price renegotiation.No Involvement.No.NA.EK2073.NSP3-Fiber Rollout....
Safaricom,516302,22,,,TECHNOLOGY NETWORKS.TRANSPORT.ACCESS TRANSPORT.FIBRE SERVICES,"BF Fiber Deployment OSP- Splicing, Testing and Commissioning 13-24 cores",3,BATCH,5280,,"Karanja, Mrs. Maryanne",,Open,Goods,OPTIMAX GROUP LIMITED,Optimax Group L,KES,,,,6000.Year on Year.Price renegotiation.No Involvement.No.NA.EK2073.NSP3-Fiber Rollout....
Safaricom,516302,117,,,TECHNOLOGY NETWORKS.TRANSPORT.ACCESS TRANSPORT.FIBRE SERVICES,Aerial Fibre Deployment OSP- Supply of approved wooden pole for support services - 8m,4,Each,7500,,"Karanja, Mrs. Maryanne",,Open,Goods,OPTIMAX GROUP LIMITED,Optimax Group L,KES,,,,8522\.72727272727.Year on Year.Price renegotiation.No Involvement.No.NA.EK2073.NSP3-Fiber Rollout....
Safaricom,516302,89,,,TECHNOLOGY NETWORKS.TRANSPORT.ACCESS TRANSPORT.FIBRE SERVICES,"Brown Field Fiber Deployment OSP- Install Gabions inclusive of design, installation of mesh cage and accessories",5,METER,7500,,"Karanja, Mrs. Maryanne",,Open,Goods,OPTIMAX GROUP LIMITED,Optimax Group L,KES,,,,8522\.72727272727.Year on Year.Price renegotiation.No Involvement.No.NA.EK2073.NSP3-Fiber Rollout....
Safaricom,516302,132,,,TECHNOLOGY NETWORKS.TRANSPORT.ACCESS TRANSPORT.FIBRE SERVICES,Supply of Galvanised/Alluminium Brackets for CPE Mounting,1,Each,8000,,"Karanja, Mrs. Maryanne",,Open,Goods,OPTIMAX GROUP LIMITED,Optimax Group L,KES,,,,9090\.90909090909.Year on Year.Price renegotiation.No Involvement.No.NA.EK2073.NSP3-Fiber Rollout....
Safaricom,516302,131,,,TECHNOLOGY NETWORKS.TRANSPORT.ACCESS TRANSPORT.FIBRE SERVICES,Supply of Galvanised/Alluminium Pole -2 inch diametre - Standard 3m per installation including mounting bracket,2,Each,8000,,"Karanja, Mrs. Maryanne",,Open,Goods,OPTIMAX GROUP LIMITED,Optimax Group L,KES,,,,9090\.90909090909.Year on Year.Price renegotiation.No Involvement.No.NA.EK2073.NSP3-Fiber Rollout....
Safaricom,516302,95,,,TECHNOLOGY NETWORKS.TRANSPORT.ACCESS TRANSPORT.FIBRE SERVICES,Brown Field Fiber Deployment OSP- Supply & Install 6U Cabinet - With lockable door,3,Each,8500,,"Karanja, Mrs. Maryanne",,Open,Goods,OPTIMAX GROUP LIMITED,Optimax Group L,KES,,,,9659\.09090909091.Year on Year.Price renegotiation.No Involvement.No.NA.EK2073.NSP3-Fiber Rollout....
Safaricom,516302,52,,,TECHNOLOGY NETWORKS.TRANSPORT.ACCESS TRANSPORT.FIBRE SERVICES,Units ISP Fiber Deployment- Estate Acquisition Gated Community (50-200 Units ),4,Each,8800,,"Karanja, Mrs. Maryanne",,Open,Goods,OPTIMAX GROUP LIMITED,Optimax Group L,KES,,,,10000.Year on Year.Price renegotiation.No Involvement.No.NA.EK2073.NSP3-Fiber Rollout....
Safaricom,516302,81,,,TECHNOLOGY NETWORKS.TRANSPORT.ACCESS TRANSPORT.FIBRE SERVICES,Aerial Fiber Deployment - Supply and Installation of Pole Support System for wooden or Concrete poles,5,Each,9000,,"Karanja, Mrs. Maryanne",,Open,Goods,OPTIMAX GROUP LIMITED,Optimax Group L,KES,,,,10227\.2727272727.Year on Year.Price renegotiation.No Involvement.No.NA.EK2073.NSP3-Fiber Rollout....
Safaricom,516302,23,,,TECHNOLOGY NETWORKS.TRANSPORT.ACCESS TRANSPORT.FIBRE SERVICES,"BF Fiber Deployment OSP- Splicing, Testing and Commissioning 25-48 cores",1,BATCH,9240,,"Karanja, Mrs. Maryanne",,Open,Goods,OPTIMAX GROUP LIMITED,Optimax Group L,KES,,,,10500.Year on Year.Price renegotiation.No Involvement.No.NA.EK2073.NSP3-Fiber Rollout....
Safaricom,516302,96,,,TECHNOLOGY NETWORKS.TRANSPORT.ACCESS TRANSPORT.FIBRE SERVICES,Brown Field Fiber Deployment OSP- Supply & Install 9U Cabinet - With lockable door,2,Each,9500,,"Karanja, Mrs. Maryanne",,Open,Goods,OPTIMAX GROUP LIMITED,Optimax Group L,KES,,,,10795\.4545454545.Year on Year.Price renegotiation.No Involvement.No.NA.EK2073.NSP3-Fiber Rollout....
Safaricom,516302,105,,,TECHNOLOGY NETWORKS.TRANSPORT.ACCESS TRANSPORT.FIBRE SERVICES,"Aerial Fibre Deployment OSP- Supply and Installation of Fibreglass By-Pass/Extension Arms (36"""")",3,Each,10500,,"Karanja, Mrs. Maryanne",,Open,Goods,OPTIMAX GROUP LIMITED,Optimax Group L,KES,,,,11931\.8181818182.Year on Year.Price renegotiation.No Involvement.No.NA.EK2073.NSP3-Fiber Rollout....
Safaricom,516302,119,,,TECHNOLOGY NETWORKS.TRANSPORT.ACCESS TRANSPORT.FIBRE SERVICES,Aerial Fibre Deployment OSP- Supply of approved wooden pole for support services (10 & 12m),4,Each,10500,,"Karanja, Mrs. Maryanne",,Open,Goods,OPTIMAX GROUP LIMITED,Optimax Group L,KES,,,,11931\.8181818182.Year on Year.Price renegotiation.No Involvement.No.NA.EK2073.NSP3-Fiber Rollout....
Safaricom,516302,79,,,TECHNOLOGY NETWORKS.TRANSPORT.ACCESS TRANSPORT.FIBRE SERVICES,"Aerial Fiber Deployment - Supply & installation of approved wooden pole (includes digging, pole erection & ramming) (8m)",5,Each,11000,,"Karanja, Mrs. Maryanne",,Open,Goods,OPTIMAX GROUP LIMITED,Optimax Group L,KES,,,,12500.Year on Year.Price renegotiation.No Involvement.No.NA.EK2073.NSP3-Fiber Rollout....
Safaricom,516302,12,,,TECHNOLOGY NETWORKS.TRANSPORT.ACCESS TRANSPORT.FIBRE SERVICES,"BF Fiber Deployment OSP- Construct and install Masonry Manhole, Cover and accessories (500x500x600mm)",1,Each,11000,,"Karanja, Mrs. Maryanne",,Open,Goods,OPTIMAX GROUP LIMITED,Optimax Group L,KES,,,,12500.Year on Year.Price renegotiation.No Involvement.No.NA.EK2073.NSP3-Fiber Rollout....
Safaricom,516302,76,,,TECHNOLOGY NETWORKS.TRANSPORT.ACCESS TRANSPORT.FIBRE SERVICES,Units ISP Fiber Deployment- Installation of OLT,2,Each,11000,,"Karanja, Mrs. Maryanne",,Open,Goods,OPTIMAX GROUP LIMITED,Optimax Group L,KES,,,,12500.Year on Year.Price renegotiation.No Involvement.No.NA.EK2073.NSP3-Fiber Rollout....
Safaricom,516302,42,,,TECHNOLOGY NETWORKS.TRANSPORT.ACCESS TRANSPORT.FIBRE SERVICES,BF Fiber Deployment OSP- Installation of 144port cabinet on poles inclusive of accessories,3,Each,13200,,"Karanja, Mrs. Maryanne",,Open,Goods,OPTIMAX GROUP LIMITED,Optimax Group L,KES,,,,15000.Year on Year.Price renegotiation.No Involvement.No.NA.EK2073.NSP3-Fiber Rollout....
Safaricom,516302,44,,,TECHNOLOGY NETWORKS.TRANSPORT.ACCESS TRANSPORT.FIBRE SERVICES,BF Fiber Deployment OSP- Installation of IPRAN Node (ATN) Installation & Commissioning scope,4,Each,13200,,"Karanja, Mrs. Maryanne",,Open,Goods,OPTIMAX GROUP LIMITED,Optimax Group L,KES,,,,15000.Year on Year.Price renegotiation.No Involvement.No.NA.EK2073.NSP3-Fiber Rollout....
Safaricom,516302,98,,,TECHNOLOGY NETWORKS.TRANSPORT.ACCESS TRANSPORT.FIBRE SERVICES,"Aerial Fibre Deployment OSP- Supply & installation of approved wooden pole (includes digging, pole erection & ramming) (10 & 12m)",5,Each,13500,,"Karanja, Mrs. Maryanne",,Open,Goods,OPTIMAX GROUP LIMITED,Optimax Group L,KES,,,,15340\.9090909091.Year on Year.Price renegotiation.No Involvement.No.NA.EK2073.NSP3-Fiber Rollout....
Safaricom,516302,39,,,TECHNOLOGY NETWORKS.TRANSPORT.ACCESS TRANSPORT.FIBRE SERVICES,BF Fiber Deployment OSP- Directional drilling in Rock,1,METER,14000,,"Karanja, Mrs. Maryanne",,Open,Goods,OPTIMAX GROUP LIMITED,Optimax Group L,KES,,,,15909\.0909090909.Year on Year.Price renegotiation.No Involvement.No.NA.EK2073.NSP3-Fiber Rollout....
Safaricom,516302,118,,,TECHNOLOGY NETWORKS.TRANSPORT.ACCESS TRANSPORT.FIBRE SERVICES,Aerial Fibre Deployment OSP- Supply of approved concrete pole for support services - 8m,2,Each,15500,,"Karanja, Mrs. Maryanne",,Open,Goods,OPTIMAX GROUP LIMITED,Optimax Group L,KES,,,,17613\.6363636364.Year on Year.Price renegotiation.No Involvement.No.NA.EK2073.NSP3-Fiber Rollout....
Safaricom,516302,24,,,TECHNOLOGY NETWORKS.TRANSPORT.ACCESS TRANSPORT.FIBRE SERVICES,"BF Fiber Deployment OSP- Splicing, Testing and Commissioning 49-96 cores",3,BATCH,15840,,"Karanja, Mrs. Maryanne",,Open,Goods,OPTIMAX GROUP LIMITED,Optimax Group L,KES,,,,18000.Year on Year.Price renegotiation.No Involvement.No.NA.EK2073.NSP3-Fiber Rollout....
Safaricom,516302,120,,,TECHNOLOGY NETWORKS.TRANSPORT.ACCESS TRANSPORT.FIBRE SERVICES,Aerial Fibre Deployment OSP- Supply of approved concrete pole for support services (10 & 12m),4,Each,19500,,"Karanja, Mrs. Maryanne",,Open,Goods,OPTIMAX GROUP LIMITED,Optimax Group L,KES,,,,22159\.0909090909.Year on Year.Price renegotiation.No Involvement.No.NA.EK2073.NSP3-Fiber Rollout....
Safaricom,516302,53,,,TECHNOLOGY NETWORKS.TRANSPORT.ACCESS TRANSPORT.FIBRE SERVICES,Units ISP Fiber Deployment- Estate Acquisition Gated Community (200-500 Units ),5,Each,19580,,"Karanja, Mrs. Maryanne",,Open,Goods,OPTIMAX GROUP LIMITED,Optimax Group L,KES,,,,22250.Year on Year.Price renegotiation.No Involvement.No.NA.EK2073.NSP3-Fiber Rollout....
Safaricom,516302,80,,,TECHNOLOGY NETWORKS.TRANSPORT.ACCESS TRANSPORT.FIBRE SERVICES,"Aerial Fiber Deployment - Supply & installation of approved concrete pole (includes digging, pole erection & ramming) (8m)",1,Each,20000,,"Karanja, Mrs. Maryanne",,Open,Goods,OPTIMAX GROUP LIMITED,Optimax Group L,KES,,,,22727\.2727272727.Year on Year.Price renegotiation.No Involvement.No.NA.EK2073.NSP3-Fiber Rollout....
Safaricom,516302,41,,,TECHNOLOGY NETWORKS.TRANSPORT.ACCESS TRANSPORT.FIBRE SERVICES,"BF Fiber Deployment OSP- Installation 144, 288, 576 Port Cabinet including Concrete Pedestal",2,Each,20000,,"Karanja, Mrs. Maryanne",,Open,Goods,OPTIMAX GROUP LIMITED,Optimax Group L,KES,,,,22727\.2727272727.Year on Year.Price renegotiation.No Involvement.No.NA.EK2073.NSP3-Fiber Rollout....
Safaricom,516302,93,,,TECHNOLOGY NETWORKS.TRANSPORT.ACCESS TRANSPORT.FIBRE SERVICES,"Brown Field Fiber Deployment OSP- 144, 288, 576 Port Cabinet Relocation and re-installation including concrete pedestal/pole mounting",3,Each,20000,,"Karanja, Mrs. Maryanne",,Open,Goods,OPTIMAX GROUP LIMITED,Optimax Group L,KES,,,,22727\.2727272727.Year on Year.Price renegotiation.No Involvement.No.NA.EK2073.NSP3-Fiber Rollout....
Safaricom,516302,130,,,TECHNOLOGY NETWORKS.TRANSPORT.ACCESS TRANSPORT.FIBRE SERVICES,Hire of Scaffolding/Cherry Picker,4,Each,20000,,"Karanja, Mrs. Maryanne",,Open,Goods,OPTIMAX GROUP LIMITED,Optimax Group L,KES,,,,22727\.2727272727.Year on Year.Price renegotiation.No Involvement.No.NA.EK2073.NSP3-Fiber Rollout....
Safaricom,516302,25,,,TECHNOLOGY NETWORKS.TRANSPORT.ACCESS TRANSPORT.FIBRE SERVICES,"BF Fiber Deployment OSP- Splicing, Testing and Commissioning 97-144 cores",5,BATCH,23760,,"Karanja, Mrs. Maryanne",,Open,Goods,OPTIMAX GROUP LIMITED,Optimax Group L,KES,,,,27000.Year on Year.Price renegotiation.No Involvement.No.NA.EK2073.NSP3-Fiber Rollout....
Safaricom,516302,99,,,TECHNOLOGY NETWORKS.TRANSPORT.ACCESS TRANSPORT.FIBRE SERVICES,"Aerial Fibre Deployment OSP- Supply & installation of approved concrete pole (includes digging, pole erection & ramming) (10 & 12m)",1,Each,24500,,"Karanja, Mrs. Maryanne",,Open,Goods,OPTIMAX GROUP LIMITED,Optimax Group L,KES,,,,27840\.9090909091.Year on Year.Price renegotiation.No Involvement.No.NA.EK2073.NSP3-Fiber Rollout....
Safaricom,516302,46,,,TECHNOLOGY NETWORKS.TRANSPORT.ACCESS TRANSPORT.FIBRE SERVICES,Buildings ISP Fiber Deployment- Building Acquisition,2,Each,30800,,"Karanja, Mrs. Maryanne",,Open,Goods,OPTIMAX GROUP LIMITED,Optimax Group L,KES,,,,35000.Year on Year.Price renegotiation.No Involvement.No.NA.EK2073.NSP3-Fiber Rollout....
Safaricom,516302,116,,,TECHNOLOGY NETWORKS.TRANSPORT.ACCESS TRANSPORT.FIBRE SERVICES,"Aerial Fibre Deployment OSP- Supply and Installation of Fibre Reinforced Polymer (FRP) Poles (includes digging, pole erection & ramming 8m - 12m)",3,Each,36500,,"Karanja, Mrs. Maryanne",,Open,Goods,OPTIMAX GROUP LIMITED,Optimax Group L,KES,,,,41477\.2727272727.Year on Year.Price renegotiation.No Involvement.No.NA.EK2073.NSP3-Fiber Rollout....
Safaricom,516302,54,,,TECHNOLOGY NETWORKS.TRANSPORT.ACCESS TRANSPORT.FIBRE SERVICES,Units ISP Fiber Deployment- Estate Acquisition Gated Community clusters (501-1000 Units ),4,Each,45760,,"Karanja, Mrs. Maryanne",,Open,Goods,OPTIMAX GROUP LIMITED,Optimax Group L,KES,,,,52000.Year on Year.Price renegotiation.No Involvement.No.NA.EK2073.NSP3-Fiber Rollout....
Safaricom,516302,26,,,TECHNOLOGY NETWORKS.TRANSPORT.ACCESS TRANSPORT.FIBRE SERVICES,"BF Fiber Deployment OSP- Splicing, Testing and Commissioning 145-288 cores",5,BATCH,47520,,"Karanja, Mrs. Maryanne",,Open,Goods,OPTIMAX GROUP LIMITED,Optimax Group L,KES,,,,54000.Year on Year.Price renegotiation.No Involvement.No.NA.EK2073.NSP3-Fiber Rollout....
Safaricom,516302,55,,,TECHNOLOGY NETWORKS.TRANSPORT.ACCESS TRANSPORT.FIBRE SERVICES,Units ISP Fiber Deployment- Estate Acquisition Gated Community (1001-2000 Units ),1,Each,88000,,"Karanja, Mrs. Maryanne",,Open,Goods,OPTIMAX GROUP LIMITED,Optimax Group L,KES,,,,100000.Year on Year.Price renegotiation.No Involvement.No.NA.EK2073.NSP3-Fiber Rollout....
Safaricom,516302,27,,,TECHNOLOGY NETWORKS.TRANSPORT.ACCESS TRANSPORT.FIBRE SERVICES,"BF Fiber Deployment OSP- Splicing, Testing and Commissioning 289-576 cores",2,BATCH,95040,,"Karanja, Mrs. Maryanne",,Open,Goods,OPTIMAX GROUP LIMITED,Optimax Group L,KES,,,,108000.Year on Year.Price renegotiation.No Involvement.No.NA.EK2073.NSP3-Fiber Rollout....
Safaricom,516302,56,,,TECHNOLOGY NETWORKS.TRANSPORT.ACCESS TRANSPORT.FIBRE SERVICES,Units ISP Fiber Deployment- Estate Acquisition Gated Community clusters (over 2000 Units ),3,Each,132000,,"Karanja, Mrs. Maryanne",,Open,Goods,OPTIMAX GROUP LIMITED,Optimax Group L,KES,,,,150000.Year on Year.Price renegotiation.No Involvement.No.NA.EK2073.NSP3-Fiber Rollout....
